{
    "parameter": {
        "empty_tile_weight": 1.0388513188766846,
        "max_tile_weight": 1.217110527336104,
        "up_preference": 1.1857577900193952,
        "down_preference": 0.9060732062418375,
        "left_preference": 0.7893698799635284,
        "right_preference": 0.10917351624666222
    },
    "id": "56cdf59b-2944-4693-91a2-ad79e5cd1824",
    "from": [
        "8893a9c8-8080-4457-b30d-a173d3e1557d"
    ],
    "finalState": [
        [
            0,
            0,
            0,
            0
        ],
        [
            0,
            0,
            4,
            0
        ],
        [
            0,
            0,
            0,
            0
        ],
        [
            0,
            0,
            0,
            0
        ]
    ],
    "score": 281.92
}